"","date","plot","subplot","tot_veg","herb_max","grass","fern","herbaceous","woody","rock","deadwood","leaflitter","moss","saplings","seedlings","notes","year"
"1",2023-07-01,"ac32","ac32-i",0.25,27,0.03,0,0.01,0.2,0,0.02,0.05,0.03,3,2,"cunninghamia",2023
"2",2023-07-01,"ac32","ac32-ii",0.4,82,0.01,0.15,0.1,0.15,0,0.03,0.02,0.1,2,4,"ii and iv turned around on initial survey sheet; fwd",2023
"3",2023-07-01,"ac32","ac32-iii",0.3,48,0.001,0.15,0.05,0.1,0,0.02,0.4,0,2,5,NA,2023
"4",2023-07-01,"ac32","ac32-iv",0.2,32,0.02,0.05,0.05,0.05,0,0.01,0.05,0.05,2,1,"fwd",2023
"5",2023-06-12,"ae31","ae31-i",0.05,20,0.001,0.01,0.001,0.02,0,0.05,0.2,0.02,2,10,NA,2023
"6",2023-06-12,"ae31","ae31-ii",0.1,35,0,0.05,0.01,0.05,0,0.02,0.4,0.001,1,12,NA,2023
"7",2023-06-12,"ae31","ae31-iii",0.4,39,0.001,0.05,0.001,0.35,0,0.001,0.5,0.01,6,4,NA,2023
"8",2023-06-12,"ae31","ae31-iv",0.05,27,0.001,0.001,0.001,0.01,0,0.001,0.05,0.001,5,6,NA,2023
"9",2023-06-12,"ae33","ae33-i",0.001,20,0,0.001,0,0,0,0.03,0.6,0.05,0,0,NA,2023
"10",2023-06-12,"ae33","ae33-ii",0.02,9,0,0.01,0,0.01,0,0.03,0.7,0.05,1,1,"fwd",2023
"11",2023-06-12,"ae33","ae33-iii",0.05,35,0,0,0.01,0.05,0.02,0.05,0.85,0,9,3,"fwd",2023
"12",2023-06-12,"ae33","ae33-iv",0.05,41,0,0.02,0.001,0.02,0.03,0.001,0.7,0.001,1,0,NA,2023
"13",2023-06-28,"af21","af21-i",0.3,101,0.1,0.15,0.3,0.05,0,0.05,0.1,0,1,0,"cunninghamia",2023
"14",2023-06-28,"af21","af21-ii",0.8,97,0.3,0.15,0.15,0.15,0,0,0.15,0,2,11,NA,2023
"15",2023-06-28,"af21","af21-iii",0.25,126,0.05,0.1,0.05,0.001,0,0,0.1,0,3,9,NA,2023
"16",2023-06-28,"af21","af21-iv",0.6,75,0.1,0.5,0.01,0.01,0,0.01,0.25,0,2,1,NA,2023
"17",2023-06-28,"af27","af27-i",0.1,37,0.02,0.02,0.001,0.05,0,0.02,0.6,0.4,0,0,"cunninghamia",2023
"18",2023-06-28,"af27","af27-ii",0.25,40,0.01,0.2,0.01,0.02,0,0,0.1,0,2,6,NA,2023
"19",2023-06-28,"af27","af27-iii",0.15,60,0,0.1,0.01,0.03,0.01,0.1,0.05,0.03,4,0,NA,2023
"20",2023-06-28,"af27","af27-iv",0.1,24,0,0.05,0.001,0.05,0,0,0.1,0.1,4,2,"fwd",2023
"21",2023-06-28,"ag24","ag24-i",0.2,88,0.01,0.15,0.03,0.02,0,0,0.1,0.05,1,6,NA,2023
"22",2023-06-28,"ag24","ag24-ii",0.15,35,0.001,0.01,0.15,0.001,0,0,0.2,0,0,0,NA,2023
"23",2023-06-28,"ag24","ag24-iii",0.15,70,0,0.07,0.07,0,0,0,0.2,0,1,0,NA,2023
"24",2023-06-28,"ag24","ag24-iv",0.15,73,0.07,0.07,0.02,0,0,0,0.05,0,0,3,NA,2023
"25",2023-06-30,"ah31","ah31-i",0.1,25,0.001,0.001,0.02,0.1,0.1,0,0.3,0,3,4,NA,2023
"26",2023-06-30,"ah31","ah31-ii",0.25,53,0.001,0.1,0.05,0.1,0.2,0,0.25,0.03,3,3,NA,2023
"27",2023-06-30,"ah31","ah31-iii",0.5,44,0.2,0.01,0.03,0.25,0.15,0.03,0.4,0.05,2,3,"fwd",2023
"28",2023-06-30,"ah31","ah31-iv",0.1,24,0.02,0.01,0.03,0.05,0,0.001,0.6,0,6,6,NA,2023
"29",2023-06-28,"ai12","ai12-i",0.15,54,0.1,0.02,0.01,0.01,0,0.02,0.05,0.15,3,2,NA,2023
"30",2023-06-28,"ai12","ai12-ii",0.6,47,0.15,0.2,0.15,0.1,0,0,0.2,0,4,1,"sapling height 60cm?",2023
"31",2023-06-28,"ai12","ai12-iii",0.6,63,0,0.5,0.02,0.1,0,0,0.03,0.02,3,4,"cunninghamia",2023
"32",2023-06-28,"ai12","ai12-iv",0.4,95,0,0.4,0.001,0.001,0.01,0,0.3,0.1,2,1,NA,2023
"33",2023-06-28,"ai27","ai27-i",0.3,57,0,0.3,0.001,0,0,0,0.9,0,0,0,NA,2023
"34",2023-06-28,"ai27","ai27-ii",0.6,34,0.001,0.5,0.02,0.05,0,0,0.2,0,4,0,NA,2023
"35",2023-06-28,"ai27","ai27-iii",0.6,39,0,0.4,0.01,0.2,0,0,0.6,0,5,2,NA,2023
"36",2023-06-28,"ai27","ai27-iv",0.4,58,0.001,0.3,0.02,0.05,0,0,0.6,0,2,1,NA,2023
"37",2023-06-17,"ai28","ai28-i",0.5,38,0.001,0.45,0.001,0.05,0,0,0.6,0,2,4,NA,2023
"38",2023-06-17,"ai28","ai28-ii",0.25,30,0,0.25,0,0.01,0,0.01,0.9,0,1,5,NA,2023
"39",2023-06-17,"ai28","ai28-iii",0.15,30,0.001,0.15,0.01,0.001,0,0,1,0,0,0,NA,2023
"40",2023-06-17,"ai28","ai28-iv",0.5,62,0.001,0.5,0.001,0,0,0,1,0,0,3,NA,2023
"41",2023-07-01,"aj21","aj21-i",0.001,36,0.001,0,0,0.001,0.1,0,0.3,0.2,2,0,"mvh is woody, not herbaceous; +2 saplings (?)",2023
"42",2023-07-01,"aj21","aj21-ii",0.2,68,0,0.15,0.01,0.1,0.03,0,0.75,0.01,3,1,NA,2023
"43",2023-07-01,"aj21","aj21-iii",0.05,72,0,0.03,0.01,0.02,0.1,0.01,0.2,0.02,3,0,NA,2023
"44",2023-07-01,"aj21","aj21-iv",0.01,23,0.001,0.001,0.001,0.001,0,0.03,0.1,0,1,3,"fwd",2023
"45",2023-07-01,"ak19","ak19-i",0.001,6,0,0,0,0.001,0,0.02,0.5,0,1,0,NA,2023
"46",2023-07-01,"ak19","ak19-ii",0,0,0,0,0,0,0,0,0.8,0,0,0,NA,2023
"47",2023-07-01,"ak19","ak19-iii",0,0,0,0,0,0,0,0.1,0.8,0,0,0,"fwd + cwd",2023
"48",2023-07-01,"ak19","ak19-iv",0.001,15,0,0.001,0.001,0,0,0,0.7,0,0,0,NA,2023
"49",2023-07-01,"al10","al10-i",0.2,41,0.03,0.1,0.03,0.03,0,0,0.5,0,7,3,NA,2023
"50",2023-07-01,"al10","al10-ii",0.2,43,0.01,0.001,0.1,0.1,0,0,0.5,0,2,5,"note: +1 sapling",2023
"51",2023-07-01,"al10","al10-iii",0.1,31,0.02,0.05,0.01,0.01,0,0,0.8,0,2,2,"note: +1 sapling",2023
"52",2023-07-01,"al10","al10-iv",0.01,11,0,0.001,0,0.001,0,0,0.1,0,2,0,NA,2023
"53",2023-06-18,"al11","al11-i",0.15,49,0,0.1,0.001,0.05,0,0,0.9,0,2,0,NA,2023
"54",2023-06-18,"al11","al11-ii",0.001,7,0,0.001,0,0,0,0,0.4,0,0,0,NA,2023
"55",2023-06-18,"al11","al11-iii",0.01,28,0,0.01,0,0.001,0,0.02,0.4,0,1,5,NA,2023
"56",2023-06-18,"al11","al11-iv",0.25,27,0.01,0.25,0.001,0.001,0,0,0.25,0.03,0,0,NA,2023
"57",2023-06-30,"al22","al22-i",0.05,35,0,0,0,0.05,0.15,0,0,0.15,5,2,NA,2023
"58",2023-06-30,"al22","al22-ii",0,0,0,0,0,0,0,0,0.3,0,0,2,NA,2023
"59",2023-06-30,"al22","al22-iii",0.2,36,0,0.2,0,0,0,0,0.2,0,0,0,NA,2023
"60",2023-06-30,"al22","al22-iv",0.02,32,0,0.02,0,0.001,0,0,1,0,1,0,NA,2023
"61",2023-06-30,"al22","al22-i.o",0.5,65,0,0.5,0.001,0.001,0,0,1,0,2,0,NA,2023
"62",2023-06-30,"al22","al22-ii.o",0.15,35,0,0.1,0.01,0.05,0,0.02,0.2,0,5,0,"fwd",2023
"63",2023-06-30,"al22","al22-iii.o",0.05,25,0,0.05,0,0.01,0,0,0.3,0,1,0,NA,2023
"64",2023-06-30,"al22","al22-iv.o",0.8,72,0,0.65,0.1,0.05,0,0,0.25,0,3,4,NA,2023
"65",2023-06-18,"an11","an11-i",0.9,37,0,0.5,0.03,0.4,0,0,0.3,0,0,0,NA,2023
"66",2023-06-18,"an11","an11-ii",0.5,38,0.05,0.4,0.001,0.03,0,0,0.5,0,3,2,NA,2023
"67",2023-06-18,"an11","an11-iii",0.9,53,0.1,0.6,0.05,0.15,0,0,0.4,0,3,4,NA,2023
"68",2023-06-18,"an11","an11-iv",0.4,25,0.001,0.25,0.05,0.1,0.01,0,0.5,0,2,2,NA,2023
"69",2023-06-15,"an13","an13-i",0.6,39,0.25,0.25,0.05,0.03,0,0.08,0.2,0,0,11,NA,2023
"70",2023-06-15,"an13","an13-ii",0.3,57,0.01,0.25,0.01,0.03,0,0,0.05,0,2,9,NA,2023
"71",2023-06-15,"an13","an13-iii",0.15,43,0.03,0.1,0.02,0.02,0,0,0.1,0,4,13,NA,2023
"72",2023-06-15,"an13","an13-iv",0.7,40,0.05,0.65,0.001,0.001,0,0,0.25,0,1,3,NA,2023
"73",2023-07-04,"an8","an8-i",0,0,0,0,0,0.001,0,0,0.5,0.01,0,0,"cunninghamia",2023
"74",2023-07-04,"an8","an8-ii",0,0,0,0,0,0,0,0,0.4,0.03,0,0,NA,2023
"75",2023-07-04,"an8","an8-iii",0.01,35,0,0.01,0,0,0,0.001,0.15,0.02,0,0,NA,2023
"76",2023-07-04,"an8","an8-iv",0.05,50,0.01,0.01,0,0.03,0,0,0.5,0,1,0,NA,2023
"77",2023-07-04,"an9","an9-i",0.25,37,0,0.25,0.001,0.02,0,0.03,0.6,0.05,1,1,"cunninghamia",2023
"78",2023-07-04,"an9","an9-ii",0.15,45,0,0.07,0.001,0.05,0,0,0.7,0.15,4,0,NA,2023
"79",2023-07-04,"an9","an9-iii",0.2,37,0,0.03,0.001,0.15,0.01,0.01,0.2,0.15,3,1,"cunninghamia",2023
"80",2023-07-04,"an9","an9-iv",0.1,58,0,0.1,0,0,0,0,0.6,0.1,0,5,NA,2023
"81",2023-07-04,"an9","an9-i.o",0.15,35,0,0.1,0.02,0.02,0.1,0,0.4,0.2,2,6,NA,2023
"82",2023-07-04,"an9","an9-ii.o",0.01,20,0,0,0,0.01,0.01,0,0.25,0.05,1,2,NA,2023
"83",2023-07-04,"an9","an9-iii.o",0.05,23,0,0.02,0.01,0.03,0,0,0.5,0,4,1,NA,2023
"84",2023-07-04,"an9","an9-iv.o",0.4,51,0,0.4,0.001,0.03,0,0,0.4,0.2,3,4,NA,2023
"85",2023-07-01,"ao22","ao22-i",0.01,35,0,0.01,0.001,0,0.01,0,0.15,0.05,0,0,NA,2023
"86",2023-07-01,"ao22","ao22-iii",0.01,32,0,0.001,0.001,0.01,0,0,0.2,0.01,2,0,NA,2023
"87",2023-07-01,"ao22","ao22-iv",0.01,11,0,0.01,0,0,0,0.001,0.3,0.1,0,0,"fwd",2023
"88",2023-06-22,"ao27","ao27-i",0.25,72,0.25,0.02,0.001,0.001,0,0.05,0.5,0.02,0,9,"fwd",2023
"89",2023-06-22,"ao27","ao27-ii",0.1,78,0.03,0.02,0.01,0.02,0,0,0.8,0,3,8,NA,2023
"90",2023-06-22,"ao27","ao27-iii",0.3,29,0.1,0.1,0.03,0.05,0.01,0.02,0.3,0,3,12,NA,2023
"91",2023-06-22,"ao27","ao27-iv",0.25,10,0.2,0.01,0.01,0.001,0.02,0.01,0.1,0.03,1,0,"note: seedlings are a herb conneccted by underground runners",2023
"92",2023-07-01,"ap19","ap19-i",0.05,60,0.01,0.03,0,0.001,0,0.01,0.15,0.03,2,1,"fwd",2023
"93",2023-07-01,"ap19","ap19-ii",0.25,33,0,0.25,0.001,0.02,0,0,0.2,0.1,3,12,NA,2023
"94",2023-07-01,"ap19","ap19-iii",0.5,52,0,0.4,0.02,0.05,0.02,0,0.2,0.3,4,2,NA,2023
"95",2023-07-01,"ap19","ap19-iv",0.1,37,0.001,0.05,0,0.05,0.01,0,0.1,0.05,2,4,NA,2023
"96",2023-06-22,"ap23","ap23-i",0.001,25,0,0,0,0.001,0,0.01,0.6,0,0,0,"fwd",2023
"97",2023-06-22,"ap23","ap23-ii",0,3,0.001,0,0,0,0,0.02,0.5,0,0,0,NA,2023
"98",2023-06-22,"ap23","ap23-iii",0,0,0,0,0,0,0.05,0.01,0.5,0,0,0,"pebbles, fwd",2023
"99",2023-06-22,"ap23","ap23-iv",0.001,6,0,0.001,0,0,0.01,0.001,0.1,0,0,0,NA,2023
"100",2023-06-22,"ap26","ap26-i",0.4,32,0.001,0.15,0.05,0.15,0,0.02,0.5,0.1,2,0,"fwd",2023
"101",2023-06-22,"ap26","ap26-ii",0.7,80,0,0.6,0.001,0.1,0,0,0.5,0,4,0,NA,2023
"102",2023-06-22,"ap26","ap26-iii",0.15,44,0.001,0.1,0.001,0.03,0,0.01,0.8,0,5,0,NA,2023
"103",2023-06-22,"ap26","ap26-iv",0.1,35,0.03,0.02,0.001,0.05,0.02,0.01,0.3,0,2,2,NA,2023
"104",2023-06-22,"aq21","aq21-i",0.2,62,0,0.05,0.02,0.15,0,0.03,0.8,0.25,7,11,"fwd",2023
"105",2023-06-22,"aq21","aq21-iii",0.02,47,0,0.001,0.001,0.01,0.01,0,0.4,0.15,3,1,NA,2023
"106",2023-06-22,"aq21","aq21-iv",0.15,47,0.001,0.15,0.001,0.001,0,0,0.4,0.05,0,4,NA,2023
"107",2023-07-04,"aq9","aq9-i",0.2,32,0.001,0.15,0.001,0.05,0,0,1,0,1,0,NA,2023
"108",2023-07-04,"aq9","aq9-iii",0.15,39,0.05,0,0.001,0,0,0,0.4,0,0,2,NA,2023
"109",2023-07-04,"aq9","aq9-iv",0.05,64,0.03,0.02,0.001,0,0,0,0.95,0,0,2,NA,2023
"110",2023-06-30,"ar14","ar14-i",0.03,47,0,0.03,0,0,0,0,0.15,0,0,0,NA,2023
"111",2023-06-30,"ar14","ar14-ii",0.001,23,0,0.001,0,0,0,0,0.2,0.01,0,2,NA,2023
"112",2023-06-30,"ar14","ar14-iii",0.05,21,0,0.05,0,0,0,0,0.2,0,0,0,NA,2023
"113",2023-06-30,"ar14","ar14-iv",0.03,61,0,0.03,0.001,0,0,0,0.4,0.02,0,2,NA,2023
"114",2023-07-04,"as10","as10-i",0.05,37,0.02,0.03,0.001,0.001,0.02,0,0.02,0.1,NA,1,NA,2023
"115",2023-07-04,"as10","as10-ii",0.05,21,0.001,0.03,0.001,0.001,0,0.05,0.15,0.03,NA,1,"fwd",2023
"116",2023-07-04,"as10","as10-iii",0.15,40,0.01,0.1,0.01,0.02,0,0.02,0.03,0.01,NA,3,NA,2023
"117",2023-07-04,"as10","as10-iv",0.1,41,0.01,0.05,0.03,0.03,0.01,0.02,0.05,0.01,NA,2,NA,2023
"118",2023-07-04,"as10","as10-i.o",0.3,65,0.03,0.2,0.05,0.02,0.05,0,0.1,0.01,NA,1,NA,2023
"119",2023-07-04,"as10","as10-ii.o",0.01,28,0,0,0.001,0.001,0,0.01,0.05,0.02,1,0,NA,2023
"120",2023-07-04,"as10","as10-iii.o",0.1,37,0.1,0.001,0.001,0.001,0,0,0.05,0,NA,1,NA,2023
"121",2023-07-04,"as10","as10-iv.o",0.2,56,0,0.2,0.001,0.001,0,0,0.3,0.02,NA,3,NA,2023
"122",2023-06-30,"at15","at15-i",0.001,0,0,0,0,0.001,0,0,0.9,0,2,1,NA,2023
"123",2023-06-30,"at15","at15-ii",0.001,29,0,0.001,0,0,0,0,0.02,0,0,1,NA,2023
"124",2023-06-30,"at15","at15-iii",0.01,14,0.001,0.01,0,0,0,0,0,0,1,3,NA,2023
"125",2023-06-30,"at15","at15-iv",0.05,21,0,0.001,0,0.05,0.02,0.01,0.6,0.25,3,0,NA,2023
"126",2023-06-30,"at15","at15-i.o",0.001,34,0,0.001,0.001,0.001,0,0.03,0.2,0.02,1,3,NA,2023
"127",2023-06-30,"at15","at15-ii.o",0.05,67,0,0.05,0,0.01,0,0,0.4,0,3,1,NA,2023
"128",2023-06-30,"at15","at15-iii.o",0.1,52,0,0,0.001,0.001,0,0,1,0,1,4,NA,2023
"129",2023-06-30,"at15","at15-iv.o",0.1,30,0,0,0.001,0.001,0,0,1,0,2,1,NA,2023
"130",2023-06-15,"aw14","aw14-i",0.01,15,0,0.001,0.001,0.001,0.03,0.01,0.001,0,1,12,NA,2023
"131",2023-06-15,"aw14","aw14-ii",0.07,12,0.001,0.01,0.001,0.05,0.03,0.03,0.01,0,6,16,NA,2023
"132",2023-06-15,"aw14","aw14-iii",0.1,60,0.03,0.02,0.01,0.01,0.1,0.1,0.03,0.02,7,28,NA,2023
"133",2023-06-15,"aw14","aw14-iv",0.03,37,0.001,0.01,0.02,0.001,0.01,0.05,0.001,0,13,19,NA,2023
"134",2023-07-04,"awx12","awx12-i",0.4,61,0.001,0.3,0.1,0.01,0.15,0,0.4,0.15,3,3,NA,2023
"135",2023-07-04,"awx12","awx12-ii",0.15,53,0,0.1,0.02,0.03,0.15,0.01,0.05,0,4,1,NA,2023
"136",2023-07-04,"awx12","awx12-iii",0.15,39,0.01,0.02,0.01,0.1,0.25,0,0.1,0.2,6,0,NA,2023
"137",2023-07-04,"awx12","awx12-iv",0.03,23,0.01,0,0.01,0.01,0.1,0,0.05,0.05,3,5,NA,2023
"138",2023-06-11,"bg28","bg28-i",0.15,60,0.02,0.05,0.03,0.05,0,0,0.25,0.1,8,4,NA,2023
"139",2023-06-11,"bg28","bg28-ii",0.15,40,0.05,0.05,0.001,0.05,0,0,0.4,0.01,6,9,NA,2023
"140",2023-06-11,"bg28","bg28-iii",0.1,20,0,0.05,0.001,0.03,0,0.01,0.7,0.03,5,3,NA,2023
"141",2023-06-11,"bg28","bg28-iv",0.05,20,0.02,0.02,0,0,0,0.01,0.3,0.05,0,3,NA,2023
"142",2023-06-02,"bi25","bi25-i",0.05,35,0.001,0.04,0.01,0.01,0,0,0.5,0,4,1,NA,2023
"143",2023-06-02,"bi25","bi25-ii",0.2,50,0.001,0.15,0.001,0.05,0,0,0.6,0,12,8,NA,2023
"144",2023-06-02,"bi25","bi25-iii",0.1,90,0.001,0.05,0.001,0.03,0,0,0.67,0,5,6,NA,2023
"145",2023-06-02,"bi25","bi25-iv",0.3,75,0.01,0.25,0.03,0.03,0,0.001,0.9,0,3,2,NA,2023
"146",2023-07-06,"bj29","bj29-i",0.75,64,0.01,0.7,0.001,0.05,0,0.02,0.9,0.03,6,0,NA,2023
"147",2023-07-06,"bj29","bj29-ii",0.75,46,0.01,0.6,0.03,0.1,0,0.03,0.8,0,10,3,NA,2023
"148",2023-07-06,"bj29","bj29-iii",0.95,32,0,0.9,0.05,0.01,0.01,0.02,1,0,3,0,NA,2023
"149",2023-07-06,"bj29","bj29-iv",0.95,51,0,0.5,0.1,0.35,0,0.05,0.7,0,13,4,NA,2023
"150",2023-07-06,"bj29","bj29-i.o",0.3,64,0.02,0.2,0.03,0.03,0.02,0.01,0.6,0.01,3,7,NA,2023
"151",2023-07-06,"bj29","bj29-ii.o",0.3,31,0,0.2,0.02,0.1,0,0,0.1,0.25,8,3,NA,2023
"152",2023-07-06,"bj29","bj29-iii.o",0.7,33,0,0.6,0.03,0.07,0,0.01,0.5,0.1,9,5,NA,2023
"153",2023-07-06,"bj29","bj29-iv.o",0.5,45,0,0.4,0.02,0.1,0,0.02,1,0,2,0,NA,2023
"154",2023-06-05,"bm22","bm22-i",0.95,65,0.001,0.9,0.001,0.001,0,0.001,0.15,0,9,18,NA,2023
"155",2023-06-05,"bm22","bm22-ii",0.2,63,0.001,0.15,0.001,0.03,0,0.01,0.5,0,2,5,NA,2023
"156",2023-06-05,"bm22","bm22-iii",0.6,57,0.1,0.4,0.03,0.1,0,0.001,0.3,0,5,11,NA,2023
"157",2023-06-05,"bm22","bm22-iv",0.4,107,0.01,0.3,0.05,0.01,0,0.02,0.5,0,2,8,NA,2023
"158",2023-06-05,"bm24","bm24-i",0.35,65,0.01,0.3,0.02,0.02,0,0.01,0.25,0.05,4,22,NA,2023
"159",2023-06-05,"bm24","bm24-ii",0.05,75,0,0.03,0.001,0.01,0,0.05,0.03,0,1,9,NA,2023
"160",2023-06-05,"bm24","bm24-iii",0.15,35,0.001,0.08,0.02,0.08,0,0.01,0.05,0.001,8,5,NA,2023
"161",2023-06-05,"bm24","bm24-iv",0.25,57,0,0.2,0.02,0.01,0,0.02,0.03,0.01,4,9,NA,2023
"162",2023-06-11,"bm29","bm29-i",0.2,78,0.001,0.15,0.02,0.03,0,0.02,0.7,0,7,4,NA,2023
"163",2023-06-11,"bm29","bm29-ii",0.8,45,0.15,0.35,0.1,0.1,0,0.02,0.4,0,3,2,NA,2023
"164",2023-06-11,"bm29","bm29-iii",0.7,41,0.02,0.5,0.15,0.03,0,0,0.4,0,4,5,NA,2023
"165",2023-06-11,"bm29","bm29-iv",0.15,35,0.001,0.1,0.001,0.01,0,0.01,1,0,1,0,NA,2023
"166",2023-06-09,"bm7","bm7-i",0.4,62,0.15,0.05,0.05,0.15,0,0,0.15,0,2,0,NA,2023
"167",2023-06-09,"bm7","bm7-ii",0.9,140,0.1,0.3,0.001,0.5,0,0,0,0.1,0,0,NA,2023
"168",2023-06-09,"bm7","bm7-iii",0.5,115,0.4,0.05,0.001,0.01,0,0,0.3,0,1,0,NA,2023
"169",2023-06-09,"bm7","bm7-iv",0.7,120,0.3,0.2,0.001,0.25,0,0,0.05,0,5,9,NA,2023
"170",2023-06-16,"bn28","bn28-i",0.4,85,0.02,0.35,0.001,0.01,0,0,0.9,0,3,0,NA,2023
"171",2023-06-16,"bn28","bn28-ii",0.6,98,0.01,0.6,0.1,0.001,0,0,0.9,0,0,0,NA,2023
"172",2023-06-16,"bn28","bn28-iii",0.3,130,0.1,0.2,0.001,0.001,0,0,1,0,1,9,NA,2023
"173",2023-06-16,"bn28","bn28-iv",0.9,140,0.001,0.5,0.25,0.2,0,0,0.8,0,0,0,NA,2023
"174",2023-07-03,"bn5","bn5-i",0.15,143,0.01,0.07,0.01,0.07,0,0.01,0.25,0,2,0,"fwd",2023
"175",2023-07-03,"bn5","bn5-ii",0.8,138,0.3,0.25,0.2,0.05,0,0,0.5,0.01,2,3,"cunninghamia",2023
"176",2023-07-03,"bn5","bn5-iii",0.6,160,0.15,0.4,0.02,0.02,0,0,0.2,0,3,5,NA,2023
"177",2023-07-03,"bn5","bn5-iv",0.9,200,0.2,0.4,0.15,0.15,0,0.02,0.3,0,2,1,"cunninghamia",2023
"178",2023-07-07,"bo27","bo27-i",0.2,42,0,0.15,0.03,0.02,0,0,0.25,0.1,2,11,NA,2023
"179",2023-07-07,"bo27","bo27-ii",0.1,50,0,0.1,0.001,0.001,0,0.03,0.4,0.02,0,6,NA,2023
"180",2023-07-07,"bo27","bo27-iii",0.1,17,0,0.001,0.001,0.1,0,0,0.9,0,7,14,NA,2023
"181",2023-07-07,"bo27","bo27-iv",0.1,44,0,0.1,0.001,0.001,0,0,0.9,0,1,2,NA,2023
"182",2023-07-06,"bo31","bo31-i",1,62,0.01,0.9,0.02,0.1,0,0,1,0,9,0,NA,2023
"183",2023-07-06,"bo31","bo31-ii",0.8,49,0,0.3,0.1,0.4,0,0,0.7,0,5,4,NA,2023
"184",2023-07-06,"bo31","bo31-iii",0.7,45,0,0.6,0.01,0.05,0,0,0.4,0,4,9,NA,2023
"185",2023-07-06,"bo31","bo31-iv",0.5,64,0,0.25,0.05,0.2,0,0.03,0.3,0.03,14,13,NA,2023
"186",2023-07-03,"bq17","bq17-i",0.4,104,0.02,0.25,0.02,0.15,0,0,0.5,0,6,1,NA,2023
"187",2023-07-03,"bq17","bq17-ii",0.15,53,0.05,0.05,0.02,0.03,0,0,0.6,0.02,1,0,NA,2023
"188",2023-07-03,"bq17","bq17-iii",0.15,67,0.01,0.15,0.001,0.01,0,0,0.4,0.1,1,3,NA,2023
"189",2023-07-03,"bq17","bq17-iv",0.6,104,0.05,0.3,0.05,0.2,0,0,0.3,0.01,5,3,NA,2023
"190",2023-07-03,"bq17","bq17-i.o",0.25,62,0.01,0.05,0.03,0.15,0,0,0.4,0.15,4,2,NA,2023
"191",2023-07-03,"bq17","bq17-ii.o",0.35,48,0.01,0.3,0.02,0.02,0,0,0.6,0.05,1,1,NA,2023
"192",2023-07-03,"bq17","bq17-iii.o",0.05,75,0.05,0.001,0.001,0.001,0,0.03,0.8,0,0,0,NA,2023
"193",2023-07-03,"bq17","bq17-iv.o",0.7,160,0.15,0.25,0.05,0.25,0,0,0.5,0,3,0,NA,2023
"194",2023-07-07,"bq27","bq27-i",0.5,75,0,0.3,0.02,0.2,0,0.01,0.5,0.1,0,4,NA,2023
"195",2023-07-07,"bq27","bq27-ii",0.4,82,0.03,0.3,0.02,0.05,0,0,0.4,0,7,3,NA,2023
"196",2023-07-07,"bq27","bq27-iii",0.6,78,0.001,0.5,0.03,0.05,0,0,0.5,0,6,7,NA,2023
"197",2023-07-07,"bq27","bq27-iv",0.4,38,0,0.2,0.3,0.15,0,0.001,0.5,0,3,1,NA,2023
"198",2023-06-29,"bq29","bq29-i",0.05,75,0.01,0.02,0.001,0.001,0.03,0.02,0.15,0,0,4,NA,2023
"199",2023-06-29,"bq29","bq29-ii",0.05,11,0.001,0.02,0.001,0.02,0.01,0,0.15,0.05,5,3,NA,2023
"200",2023-06-29,"bq29","bq29-iii",0.5,38,0.05,0.15,0.03,0.25,0,0,0.3,0,4,3,NA,2023
"201",2023-06-29,"bq29","bq29-iv",0.7,35,0.02,0.5,0.02,0.15,0,0,0.6,0,6,2,NA,2023
"202",2023-06-29,"br29","br29-i",0.3,61,0,0.25,0.001,0.05,0,0,1.2,0,4,0,NA,2023
"203",2023-06-29,"br29","br29-ii",0.02,22,0,0.01,0,0.01,0,0,0.5,0.2,2,0,NA,2023
"204",2023-06-29,"br29","br29-iii",0.001,6,0,0,0.001,0,0,0,0,0,0,0,NA,2023
"205",2023-06-29,"br29","br29-iv",0.07,35,0,0.05,0.02,0,0,0,0.6,0,0,0,NA,2023
"206",2023-06-03,"br3","br3-i",0.5,40,0.02,0.25,0.1,0.15,0,0.001,0.5,0,6,8,NA,2023
"207",2023-06-03,"br3","br3-ii",0.5,50,0.001,0.05,0.02,0.35,0,0.001,0.6,0.15,4,3,NA,2023
"208",2023-06-03,"br3","br3-iii",0.35,55,0.02,0.3,0.02,0.02,0,0,0.4,0.15,0,6,NA,2023
"209",2023-06-03,"br3","br3-iv",0.7,60,0.02,0.5,0.02,0.15,0,0,0.35,0,5,7,NA,2023
"210",2023-07-07,"bs18","bs18-ii",1,180,0.01,1,0.02,0.02,0,0.001,0.5,0,3,8,NA,2023
"211",2023-07-07,"bs18","bs18-iii",0.95,101,0.95,0.9,0.001,0.05,0,0,0.5,0.01,4,0,NA,2023
"212",2023-07-07,"bs18","bs18-ii.o",0.7,120,0,0.62,0.001,0.05,0,0,0.01,0,1,6,NA,2023
"213",2023-07-07,"bs18","bs18-iii.o",0.3,170,0,0.02,0,0.3,0,0.15,0.05,0,1,3,NA,2023
"214",2023-07-07,"bs22","bs22-i",0.9,127,0,0.6,0.03,0.3,0,0.05,0.2,0.03,6,0,NA,2023
"215",2023-07-07,"bs22","bs22-ii",0.4,71,0,0.15,0.001,0.25,0,0.01,0.5,0.1,3,4,NA,2023
"216",2023-07-07,"bs22","bs22-iii",0.9,86,0.02,0.6,0.02,0.3,0,0.02,0.8,0.1,3,2,NA,2023
"217",2023-07-07,"bs22","bs22-iv",0.5,66,0.03,0.3,0.05,0.1,0,0.01,1,0,8,0,NA,2023
"218",2023-07-07,"bs22","bs22-i.o",0.75,72,0.01,0.5,0.03,0.2,0,0.01,0.5,0,0,6,NA,2023
"219",2023-07-07,"bs22","bs22-ii.o",0.95,97,0,0.8,0.001,0.15,0,0,0.75,0,1,5,NA,2023
"220",2023-07-07,"bs22","bs22-iii.o",0.6,83,0,0.4,0.05,0.15,0,0.03,0.2,0,1,0,NA,2023
"221",2023-07-07,"bs22","bs22-iv.o",0.3,147,0.01,0.3,0.001,0.001,0,0,0.5,0,2,6,NA,2023
"222",2023-06-09,"bt13","bt13-i",0.4,75,0.2,0.15,0.001,0.05,0,0,0.5,0,NA,0,NA,2023
"223",2023-06-09,"bt13","bt13-ii",0.5,64,0.15,0.1,0.02,0.25,0,0,0.25,0.02,2,12,NA,2023
"224",2023-06-09,"bt13","bt13-iii",0.5,80,0.2,0.15,0.1,0.1,0,0,0.25,NA,NA,NA,NA,2023
"225",2023-06-09,"bt13","bt13-iv",0.7,173,0.5,0.1,0.03,0.05,0,0,0.4,0,10,4,NA,2023
"226",2023-06-29,"bt29","bt29-i",0.4,60,0.01,0.25,0.02,0.2,0,0,0.7,0,5,11,NA,2023
"227",2023-06-29,"bt29","bt29-iii",0.15,200,0.02,0.1,0.02,0.02,0,0,1,0,6,8,NA,2023
"228",2023-06-29,"bt29","bt29-iv",0.7,137,0.05,0.6,0.01,0.05,0,0,0.9,0,4,4,NA,2023
"229",2023-06-29,"bt29","bt29-iiiv",0.3,107,0.15,0.1,0.001,0.02,0,0,0,0,2,13,NA,2023
"230",2023-07-03,"bt8","bt8-i",0.1,99,0.02,0.001,0.05,0.02,0,0.05,0.2,0.001,2,2,NA,2023
"231",2023-07-03,"bt8","bt8-ii",0.15,24,0.01,0.02,0.01,0.1,0.03,0.05,0.4,0.01,6,6,NA,2023
"232",2023-07-03,"bt8","bt8-iii",0.05,46,0.01,0,0.01,0.02,0.03,0,0.5,0.15,4,3,NA,2023
"233",2023-07-03,"bt8","bt8-iv",0.4,30,0.25,0,0.1,0.01,0,0,0.5,0.001,1,13,NA,2023
"234",2023-07-03,"bt8","bt8-i.o",0.1,35,0.02,0.05,0.02,0.01,0,0.01,0.4,0.2,3,2,"fwd",2023
"235",2023-07-03,"bt8","bt8-ii.o",0.05,16,0.001,0,0.001,0.02,0.05,0,0.1,0,3,1,NA,2023
"236",2023-07-03,"bt8","bt8-iii.o",0.05,19,0.001,0.001,0.001,0.05,0.05,0.03,0.3,0,4,7,NA,2023
"237",2023-07-03,"bt8","bt8-iv.o",0.4,50,0.05,0,0.1,0.25,0.02,0,0.7,0,4,9,NA,2023
"238",2023-06-27,"bu16","bu16-i",0.5,74,0.02,0.4,0.03,0.07,0,0.02,0.8,0,5,0,NA,2023
"239",2023-06-27,"bu16","bu16-ii",0.95,59,0.001,0.95,0.001,0.001,0,0,0.3,0,0,10,NA,2023
"240",2023-06-27,"bu16","bu16-iii",0.7,76,0.001,0.7,0.05,0.001,0,0,0.5,0.1,2,4,NA,2023
"241",2023-06-27,"bu16","bu16-iv",0.9,95,0.02,0.7,0.03,0.05,0,0,0.15,0,3,3,NA,2023
"242",2023-06-29,"bu27","bu27-i",0.3,104,0.001,0.25,0.01,0.01,0,0,0.05,0,4,3,NA,2023
"243",2023-06-29,"bu27","bu27-ii",0.1,97,0.001,0.1,0,0,0,0,0.2,0,0,0,NA,2023
"244",2023-06-29,"bu27","bu27-iii",0.25,85,0,0.25,0.001,0.01,0,0,0.01,0,1,3,NA,2023
"245",2023-06-29,"bu27","bu27-iv",1,113,0.02,0.8,0.02,0.15,0,0,0.5,0,7,0,NA,2023
"246",2023-06-27,"bv15","bv15-i",0.5,117,0.05,0.4,0.01,0.01,0,0,0.4,0.2,1,7,NA,2023
"247",2023-06-27,"bv15","bv15-ii",0.5,125,0.02,0.3,0.05,0.15,0,0,0.6,0,8,5,NA,2023
"248",2023-06-27,"bv15","bv15-iii",0.95,110,0.1,0.3,0.02,0.5,0,0,0.1,0,4,0,NA,2023
"249",2023-06-27,"bv15","bv15-iv",0.3,98,0.03,0.15,0.03,0.1,0.02,0,0.1,0,2,6,NA,2023
"250",2023-06-27,"bv19","bv19-i",0.7,123,0.05,0.4,0.03,0.2,0,0,0.3,0,0,0,NA,2023
"251",2023-06-27,"bv19","bv19-ii",0.8,39,0.01,0.7,0.02,0.1,0.02,0,0.3,0,6,9,NA,2023
"252",2023-06-27,"bv19","bv19-iii",0.9,90,0.15,0.6,0.05,0.15,0,0,0.2,0.15,3,3,NA,2023
"253",2023-06-27,"bv19","bv19-iv",0.15,46,0,0.1,0.01,0.02,0,0,0.7,0.2,1,1,NA,2023
"254",2023-06-27,"bv23","bv23-i",0.1,65,0,0.1,0.001,0.01,0,0,0.2,0.1,3,1,NA,2023
"255",2023-06-27,"bv23","bv23-ii",0.2,30,0.01,0.03,0.02,0.15,0,0,0.15,0.1,6,3,NA,2023
"256",2023-06-27,"bv23","bv23-iii",0.05,18,0.01,0.001,0.001,0.02,0,0,0.5,0,1,14,NA,2023
"257",2023-06-27,"bv23","bv23-iv",0.05,16,0.001,0,0.001,0.05,0,0.01,0.4,0,7,3,NA,2023
"258",2023-07-07,"bv24","bv24-i",0.15,58,0.01,0.1,0.02,0.03,0,0,1,0,1,0,NA,2023
"259",2023-07-07,"bv24","bv24-ii",0.45,85,0,0.15,0.15,0.15,0,0,0.7,0,6,4,NA,2023
"260",2023-07-07,"bv24","bv24-iii",0.7,72,0,0.7,0.001,0.001,0,0,1,0,3,2,NA,2023
"261",2023-07-07,"bv24","bv24-iv",0.9,84,0,0.7,0.05,0.2,0,0,1,0.01,8,0,NA,2023
"262",2023-06-17,"bw10","bw10-i",0.25,102,0.05,0.08,0.03,0.1,0,0,0.6,0,2,0,NA,2023
"263",2023-06-17,"bw10","bw10-ii",0.33,95,0.001,0.1,0.02,0.2,0,0,0.4,0,3,0,NA,2023
"264",2023-06-17,"bw10","bw10-iii",0.9,110,0.1,0.3,0.05,0.5,0,0,0.15,0,6,0,NA,2023
"265",2023-06-17,"bw10","bw10-iv",0.4,200,0.1,0.05,0.15,0.1,0,0,0.3,0,3,1,NA,2023
"266",2023-06-17,"bw11","bw11-i",0.6,65,0.05,0.4,0.05,0.1,0,0,0.4,0.03,5,9,NA,2023
"267",2023-06-17,"bw11","bw11-ii",0.5,56,0.01,0.2,0.05,0.2,0,0,0.25,0,5,4,NA,2023
"268",2023-06-17,"bw11","bw11-iii",0.9,82,0.01,0.85,0.02,0.02,0,0,0.4,0.05,2,3,NA,2023
"269",2023-06-17,"bw11","bw11-iv",0.7,93,0.05,0.15,0.05,0.4,0,0,0.3,0,9,0,NA,2023
"270",2023-06-27,"bx21","bx21-ii",0.6,140,0.15,0.3,0.05,0.1,0,0.01,0.5,0,5,2,NA,2023
"271",2023-06-27,"bx21","bx21-ii.o",0.4,114,0.1,0.15,0.05,0.1,0,0.02,0.4,0,4,6,"also i",2023
"272",2023-06-27,"bx21","bx21-iii",0.4,97,0.03,0.25,0.05,0.1,0,0,0.7,0,4,0,NA,2023
"273",2023-06-27,"bx21","bx21-iv",0.4,96,0.1,0.15,0.05,0.1,0,0,0.7,0,5,3,NA,2023
"274",2024-05-26,"ac32","ac32-i",0.5,72,0.1,0,0.01,0.4,0,0,0.2,0.1,NA,NA,"big cunninghamia right in the middle (128cm high)",2024
"275",2024-05-26,"ac32","ac32-ii",0.65,71,0,0.1,0.35,0.2,0.01,0,0.05,0.05,NA,NA,NA,2024
"276",2024-05-26,"ac32","ac32-iii",0.75,85,0.01,0.45,0.01,0.3,0,0,0.05,0.05,NA,NA,NA,2024
"277",2024-05-26,"ac32","ac32-iv",0.3,95,0.1,0.15,0.01,0.05,0,0,0.35,0.15,NA,NA,NA,2024
"278",2024-05-20,"ae31","ae31-i",0.2,46,0,0.05,0.01,0.15,0,0.1,0.45,0.2,NA,NA,"cunninghamia",2024
"279",2024-05-20,"ae31","ae31-ii",0.4,70,0,0.1,0.01,0.3,0,0.15,0.4,0.05,NA,NA,"cunninghamia",2024
"280",2024-05-20,"ae31","ae31-iii",0.5,55,0,0.05,0.03,0.4,0,0.01,0.5,0,NA,NA,"cunninghamia",2024
"281",2024-05-20,"ae31","ae31-iv",0.2,71,0,0.1,0.1,0.02,0,0.01,0.8,0.1,NA,NA,NA,2024
"282",2024-05-20,"ae33","ae33-i",0.01,16,0,0.01,0,0,0,0.05,0.8,0.05,NA,NA,NA,2024
"283",2024-05-20,"ae33","ae33-ii",0.1,69,0,0.05,0,0.05,0,0.1,0.7,0.05,NA,NA,NA,2024
"284",2024-05-20,"ae33","ae33-iii",0.15,27,0,0.01,0.05,0.1,0.05,0.05,0.75,0.01,NA,NA,NA,2024
"285",2024-05-20,"ae33","ae33-iv",0.1,52,0,0.07,0,0.03,0.01,0.01,0.85,0,NA,NA,NA,2024
"286",2024-05-26,"af21","af21-i",0.8,100,0.1,0.4,0.01,0.3,0,0.05,0.1,0,NA,NA,NA,2024
"287",2024-05-26,"af21","af21-ii",0.75,83,0.45,0.01,0.01,0.3,0,0,0.25,0,NA,NA,NA,2024
"288",2024-05-26,"af21","af21-iii",0.5,54,0.25,0.2,0.01,0.05,0,0,0.45,0,NA,NA,NA,2024
"289",2024-05-26,"af21","af21-iv",0.6,72,0.2,0.35,0,0.05,0,0,0.4,0,NA,NA,NA,2024
"290",2024-05-23,"af27","af27-i",0.35,45,0.01,0.2,0.01,0.15,0,0.03,0.6,0.03,NA,NA,"cunninghamia",2024
"291",2024-05-23,"af27","af27-ii",0.7,88,0.01,0.45,0.01,0.25,0,0.02,0.01,0.03,NA,NA,NA,2024
"292",2024-05-23,"af27","af27-iii",0.55,54,0.01,0.25,0.05,0.15,0,0.05,0.2,0.01,NA,NA,NA,2024
"293",2024-05-23,"af27","af27-iv",0.2,NA,0.01,0.05,0.01,0.15,0,0.05,0.55,0.1,NA,NA,NA,2024
"294",2024-05-29,"ag24","ag24-i",0.85,60,0,0.8,0.05,0,0,0,0.05,0.05,NA,NA,NA,2024
"295",2024-05-29,"ag24","ag24-ii",0.75,90,0,0.5,0.25,0,0,0,0.15,0.01,NA,NA,NA,2024
"296",2024-05-29,"ag24","ag24-iii",NA,NA,NA,NA,NA,NA,NA,NA,NA,NA,NA,NA,"couldn’t find",2024
"297",2024-05-29,"ag24","ag24-iv",0.45,105,0.15,0.25,0.05,0,0,0,0.25,0,NA,NA,NA,2024
"298",2024-05-20,"ah31","ah31-i",0.25,91,0.01,0,0.05,0.2,0.03,0.01,0.7,0,NA,NA,NA,2024
"299",2024-05-20,"ah31","ah31-ii",0.33,115,0,0.2,0.1,0.01,0.05,0.01,0.6,0.02,NA,NA,NA,2024
"300",2024-05-20,"ah31","ah31-iii",0.5,58,0.25,0.01,0.01,0.25,0.05,0.01,0.4,0.05,NA,NA,NA,2024
"301",2024-05-20,"ah31","ah31-iv",0.55,95,0,0.05,0.3,0.2,0.05,0.01,0.5,0,NA,NA,NA,2024
"302",2024-05-26,"ai12","ai12-i",0.45,64,0.15,0.2,0.01,0.1,0,0,0.1,0.3,NA,NA,NA,2024
"303",2024-05-26,"ai12","ai12-ii",0.8,59,0.3,0.4,0.01,0.1,0,0,0.2,0.01,NA,NA,NA,2024
"304",2024-05-26,"ai12","ai12-iii",0.85,74,0,0.75,0,0.1,0,0,0.05,0.05,NA,NA,"cunnunghamia (20)",2024
"305",2024-05-26,"ai12","ai12-iv",0.7,72,0,0.65,0,0.05,0,0,0.25,0.05,NA,NA,NA,2024
"306",2024-05-23,"ai27","ai27-i",0.45,42,0,0.45,0,0,0,0,0.5,0,NA,NA,NA,2024
"307",2024-05-23,"ai27","ai27-ii",0.9,86,0.01,0.8,0,0.1,0,0.01,0,0,NA,NA,"path wents right through (35)",2024
"308",2024-05-23,"ai27","ai27-iii",1,87,0,0.9,0,0.1,0,0,0,0,NA,NA,"some cunninghamia",2024
"309",2024-05-23,"ai27","ai27-iv",0.95,70,0,0.9,0,0.03,0,0.01,0.03,0,NA,NA,"path (5)",2024
"310",2024-05-23,"ai28","ai28-i",0.75,43,0,0.7,0.01,0.03,0,0,0.25,0,NA,NA,NA,2024
"311",2024-05-23,"ai28","ai28-ii",0.55,40,0.01,0.5,0,0.05,0,0.03,0.4,0,NA,NA,"small cunninghamia",2024
"312",2024-05-23,"ai28","ai28-iii",0.5,63,0,0.45,0.01,0.05,0,0.01,0.4,0,NA,NA,NA,2024
"313",2024-05-23,"ai28","ai28-iv",1,65,0,1,0.01,0,0,0,0,0,NA,NA,NA,2024
"314",2024-06-07,"aj21","aj21-i",0.05,77,0,0,0,0.05,0,0,0.55,0.3,NA,NA,NA,2024
"315",2024-06-07,"aj21","aj21-ii",0.5,93,0,0.35,0,0.15,0,0,0.35,0.05,NA,NA,NA,2024
"316",2024-06-07,"aj21","aj21-iii",0.15,60,0,0.1,0,0.05,0,0.05,0.5,0,NA,NA,NA,2024
"317",2024-06-07,"aj21","aj21-iv",0.05,33,0.01,0.05,0,0.01,0,0,0.5,0,NA,NA,NA,2024
"318",2024-06-08,"ak19","ak19-i",0.01,12,0,0,0,0.01,0,0,0.9,0,NA,NA,NA,2024
"319",2024-06-08,"ak19","ak19-ii",0,0,0,0,0,0,0,0,1,0,NA,NA,NA,2024
"320",2024-06-08,"ak19","ak19-iii",0,0,0,0,0,0,0,0.2,0.7,0,NA,NA,NA,2024
"321",2024-06-08,"ak19","ak19-iv",0.01,17,0,0.01,0,0.01,0,0,0.85,0,NA,NA,NA,2024
"322",2024-07-01,"al10","al10-i",NA,NA,NA,NA,NA,NA,NA,NA,NA,NA,NA,NA,NA,2024
"323",2024-07-01,"al10","al10-ii",NA,NA,NA,NA,NA,NA,NA,NA,NA,NA,NA,NA,NA,2024
"324",2024-07-01,"al10","al10-iii",NA,NA,NA,NA,NA,NA,NA,NA,NA,NA,NA,NA,NA,2024
"325",2024-07-01,"al10","al10-iv",NA,NA,NA,NA,NA,NA,NA,NA,NA,NA,NA,NA,NA,2024
"326",2024-05-29,"al11","al11-i",0.05,78,0,0.01,0,0.05,0,0,0.75,0,NA,NA,NA,2024
"327",2024-05-29,"al11","al11-ii",0.05,34,0,0.05,0,0,0,0,0.8,0,NA,NA,NA,2024
"328",2024-05-29,"al11","al11-iii",0.1,36,0,0.1,0,0.01,0,0.1,0.5,0.05,NA,NA,NA,2024
"329",2024-05-29,"al11","al11-iv",0.5,39,0.01,0.5,0.01,0.01,0,0,0.8,0.01,NA,NA,NA,2024
"330",2024-06-07,"al22","al22-i",0.05,36,0,0,0.01,0.05,0.01,0,0.45,0.05,NA,NA,NA,2024
"331",2024-06-07,"al22","al22-ii",0,NA,0,0,0,0,0,0,1,0,NA,NA,NA,2024
"332",2024-06-07,"al22","al22-iii",0.35,43,0,0.35,0,0,0,0,0.6,0,NA,NA,NA,2024
"333",2024-06-07,"al22","al22-iv",0.05,35,0,0.05,0,0.01,0,0,0.95,0,NA,NA,NA,2024
"334",2024-06-07,"al22","al22-i.o",0.55,62,0,0.5,0,0.05,0,0,0.4,0,NA,NA,NA,2024
"335",2024-06-07,"al22","al22-ii.o",0.55,103,0,0.4,0,0.15,0,0,0.3,0.05,NA,NA,NA,2024
"336",2024-06-07,"al22","al22-iii.o",0.1,30,0,0.1,0,0,0,0,0.75,0.1,NA,NA,NA,2024
"337",2024-06-07,"al22","al22-iv.o",0.75,67,0,0.55,0.05,0.15,0,0,0.2,0,NA,NA,NA,2024
"338",2024-06-01,"an8","an8-i",0.01,11,0,0,0,0.01,0,0,0.8,0,NA,NA,"cunninghamia. very tiny",2024
"339",2024-06-01,"an8","an8-ii",0,NA,0,0,0,0,0,0,0.8,0,NA,NA,NA,2024
"340",2024-06-01,"an8","an8-iii",0.05,29,0,0.05,0,0,0,0,0.7,0,NA,NA,NA,2024
"341",2024-06-01,"an8","an8-iv",0.05,37,0.01,0.01,0.01,0.05,0,0,0.85,0.01,NA,NA,NA,2024
"342",2024-05-29,"an9","an9-i",0,40,0,0.45,0.01,0.05,0,0,0.3,0.15,NA,NA,"cunninghamia (15)",2024
"343",2024-05-29,"an9","an9-ii",0.3,66,0,0.2,0,0.1,0,0,0.7,0.01,NA,NA,NA,2024
"344",2024-05-29,"an9","an9-iii",0.25,83,0,0.05,0,0.2,0,0.05,0.45,0.15,NA,NA,"cunninghamia (15)",2024
"345",2024-05-29,"an9","an9-iv",0.2,42,0,0.2,0.01,0,0,0,0.75,0.05,NA,NA,NA,2024
"346",2024-05-29,"an9","an9-i.o",0.1,48,0,0.1,0,0.01,0.05,0.05,0.6,0.2,NA,NA,NA,2024
"347",2024-05-29,"an9","an9-ii.o",0.01,18,0,0,0,0.01,0.01,0,0.35,0.05,NA,NA,"cunninghamia. very small",2024
"348",2024-05-29,"an9","an9-iii.o",0.1,34,0,0.05,0,0.05,0,0,0.9,0,NA,NA,NA,2024
"349",2024-05-29,"an9","an9-iv.o",0.5,49,0,0.5,0,0.01,0,0,0.45,0.05,NA,NA,NA,2024
"350",2024-06-01,"an11","an11-i",1,110,0,0.8,0,0.2,0,0,0,0,NA,NA,NA,2024
"351",2024-06-01,"an11","an11-ii",0.95,66,0.01,0.9,0,0.05,0,0,0.01,0,NA,NA,NA,2024
"352",2024-06-01,"an11","an11-iii",0.95,142,0,0.75,0,0.2,0,0,0.05,0,NA,NA,NA,2024
"353",2024-06-01,"an11","an11-iv",0.65,67,0,0.5,0,0.15,0,0,0.3,0,NA,NA,NA,2024
"354",2024-06-01,"an13","an13-i",0.9,65,0.1,0.8,0.01,0.01,0,0,0.01,0,NA,NA,NA,2024
"355",2024-06-01,"an13","an13-ii",0.6,52,0.01,0.6,0.01,0.01,0,0,0.1,0.01,NA,NA,NA,2024
"356",2024-06-01,"an13","an13-iii",0.65,92,0.05,0.35,0.01,0.25,0,0.01,0.05,0.01,NA,NA,NA,2024
"357",2024-06-01,"an13","an13-iv",0.9,53,0.01,0.9,0,0.01,0,0,0.05,0,NA,NA,NA,2024
"358",2024-06-01,"ao22","ao22-i",0.3,32,0,0.25,0,0.05,NA,NA,0.9,NA,NA,NA,NA,2024
"359",2024-06-01,"ao22","ao22-iii",0.15,49,0,0.07,0,0.08,NA,NA,0.85,NA,NA,NA,NA,2024
"360",2024-06-01,"ao22","ao22-iii",0.3,40,0,0.05,0,0.25,NA,NA,0.85,NA,NA,NA,NA,2024
"361",2024-06-01,"ao22","ao22-iv",0.1,30,0,0.1,0,0,NA,NA,0.9,NA,NA,NA,NA,2024
"362",2024-06-22,"ao27","ao27-i",0.9,43,0.2,0.3,0.2,0,NA,NA,0.15,NA,NA,NA,NA,2024
"363",2024-06-22,"ao27","ao27-ii",0.9,30,0.1,0.5,0.4,0,NA,NA,0.2,NA,NA,NA,NA,2024
"364",2024-06-22,"ao27","ao27-iii",1,30,0.2,0.4,0.1,0.25,NA,NA,0.15,NA,NA,NA,NA,2024
"365",2024-06-22,"ao27","ao27-iv",1,20,0.8,0.1,0.05,0.05,NA,NA,0.5,NA,NA,NA,NA,2024
"366",2024-10-06,"ap19","ap19-i",0.25,44,0,0.2,0,0.05,NA,NA,0.65,NA,NA,NA,NA,2024
"367",2024-10-06,"ap19","ap19-ii",0.7,75,0,0.55,0,0.2,NA,NA,0.6,NA,NA,NA,NA,2024
"368",2024-10-06,"ap19","ap19-iii",0.8,44,0,0.8,0,0.15,NA,NA,0.8,NA,NA,NA,NA,2024
"369",2024-10-06,"ap19","ap19-iv",0.4,50,0,0.3,0,0.1,NA,NA,0.9,NA,NA,NA,NA,2024
"370",2024-10-06,"ap23","ap23-i",0.05,27,0,0,0,0.05,NA,NA,0.95,NA,NA,NA,NA,2024
"371",2024-10-06,"ap23","ap23-ii",0.01,4,0.01,0,0,0,NA,NA,0.2,NA,NA,NA,NA,2024
"372",2024-10-06,"ap23","ap23-iii",0,0,0,0,0,0,NA,NA,0.9,NA,NA,NA,NA,2024
"373",2024-10-06,"ap23","ap23-iv",0.05,11,0,0.05,0,NA,NA,NA,0.9,NA,NA,NA,NA,2024
"374",2024-10-05,"ap26","ap26-i",0.9,162,0,0.4,0,0.5,NA,NA,0.8,NA,NA,NA,NA,2024
"375",2024-10-05,"ap26","ap26-ii",1,200,0,0.95,0,0.4,NA,NA,0.01,NA,NA,NA,NA,2024
"376",2024-10-05,"ap26","ap26-iii",0.95,93,0,0.4,0.05,0.3,NA,NA,0.95,NA,NA,NA,NA,2024
"377",2024-10-05,"ap26","ap26-iv",0.75,63,0.15,0.1,0,0.01,NA,NA,0.9,NA,NA,NA,NA,2024
"378",2024-10-06,"aq21","aq21-i",0.55,114,0,0.3,0,0.25,NA,NA,0.9,NA,NA,NA,NA,2024
"379",2024-10-06,"aq21","aq21-ii",0.95,91,0.1,0.75,0,0.3,NA,NA,0.95,NA,NA,NA,NA,2024
"380",2024-10-06,"aq21","aq21-iii",0.1,49,0,0.05,0,0.05,NA,NA,0.7,NA,NA,NA,NA,2024
"381",2024-10-06,"aq21","aq21-iv",0.8,70,0,0.7,0.05,0.05,NA,NA,0.75,NA,NA,NA,NA,2024
"382",2024-06-07,"aq9","aq9-i",0.1,53,0.01,0.1,0,0.01,0,0,0.85,0.01,NA,NA,NA,2024
"383",2024-06-07,"aq9","aq9-iv",0.2,60,0.05,0.15,0,0.01,0,0,0.8,0.01,NA,NA,NA,2024
"384",2024-06-07,"aq9","aq9-i.o",0.2,41,0,0.1,0,0.1,0,0,0.8,0,NA,NA,NA,2024
"385",2024-10-09,"ar14","ar14-i",0.15,31,0,0.15,0,0,NA,0,0.8,0,NA,NA,NA,2024
"386",2024-10-09,"ar14","ar14-ii",0.06,16,0,0.05,0,0.01,NA,0,0.5,0,NA,NA,NA,2024
"387",2024-10-09,"ar14","ar14-iii",0.15,20,0,0.15,0,0,NA,0,0.95,0,NA,NA,NA,2024
"388",2024-10-09,"ar14","ar14-iv",NA,26,NA,NA,NA,NA,NA,NA,NA,NA,NA,NA,NA,2024
"389",2024-06-07,"as10","as10-i",0.45,43,0.05,0.35,0.01,0.05,0,0,0.3,0.05,NA,NA,NA,2024
"390",2024-06-07,"as10","as10-ii",0.1,37,0.01,0.1,0.01,0.01,0,0.05,0.1,0.01,NA,NA,NA,2024
"391",2024-06-07,"as10","as10-iii",0.6,77,0.01,0.5,0.05,0.05,0,0.01,0.05,0.01,NA,NA,NA,2024
"392",2024-06-07,"as10","as10-iv",0.15,60,0.01,0.1,0.01,0.05,0,0.05,0.05,0.01,NA,NA,NA,2024
"393",2024-06-07,"as10","as10-i.o",0.35,70,0.01,0.3,0.01,0.05,0,0,0.25,0.1,NA,NA,NA,2024
"394",2024-06-07,"as10","as10-ii.o",0.05,30,0,0.01,0.01,0.05,0,0.01,0.1,0.1,NA,NA,NA,2024
"395",2024-06-07,"as10","as10-iii.o",0.25,40,0.15,0.1,0.01,0,0,0,0.05,0.01,NA,NA,NA,2024
"396",2024-06-07,"as10","as10-iv.o",0.15,62,0,0.1,0.01,0.05,0,0,0.05,0.01,NA,NA,NA,2024
"397",2024-10-09,"at15","at15-i",0.05,5,0,0,0,0.05,NA,0,0.95,0,NA,NA,NA,2024
"398",2024-10-09,"at15","at15-ii",0.03,258,0.02,0.01,0,0,NA,0,0.45,0,NA,NA,NA,2024
"399",2024-10-09,"at15","at15-iii",0.11,28,0,0.05,0.01,0.05,NA,0,0.8,0,NA,NA,NA,2024
"400",2024-10-09,"at15","at15-iv",0.35,93,0,0.05,0,0.3,NA,0,0.95,0,NA,NA,NA,2024
"401",2024-10-09,"at15","at15-i.o",0.15,23,0,0.1,0,0.05,NA,0,0.9,0,NA,NA,NA,2024
"402",2024-10-09,"at15","at15-ii.o",0.2,55,0,0.1,0,0.1,NA,0,0.6,0,NA,NA,NA,2024
"403",2024-10-09,"at15","at15-iii.o",0.45,75,0,0.3,0,0.15,NA,0,0.95,0,NA,NA,NA,2024
"404",2024-10-09,"at15","at15-iv.o",0.5,45,0,0.45,0,0.05,NA,0,0.95,0,NA,NA,NA,2024
"405",2024-10-10,"awx12","awx12-i",0.9,65,0,0.7,0,0.1,NA,NA,0.6,NA,NA,NA,NA,2024
"406",2024-10-10,"awx12","awx12-ii",0.25,69,0,0,0,0.25,NA,NA,0.8,NA,NA,NA,NA,2024
"407",2024-10-10,"awx12","awx12-iii",0.6,64,0.1,0.2,0,0.3,NA,NA,0.8,NA,NA,NA,NA,2024
"408",2024-10-10,"awx12","awx12-iv",0.2,47,0.1,0.05,0,0.1,NA,NA,0.4,NA,NA,NA,NA,2024
"409",2024-10-10,"aw14","aw14-i",0.2,20,0,0.1,0,0.1,NA,NA,0.9,NA,NA,NA,NA,2024
"410",2024-10-10,"aw14","aw14-ii",0.22,46,0.05,0.1,0.02,0.05,NA,NA,0.9,NA,NA,NA,NA,2024
"411",2024-10-10,"aw14","aw14-iii",0.55,76,0.15,0.25,0.1,0.05,NA,NA,0.9,NA,NA,NA,NA,2024
"412",2024-10-10,"aw14","aw14-iv",0.55,55,0.05,0.4,0,0.1,NA,NA,0.8,NA,NA,NA,NA,2024
"413",2024-09-29,"bg28","bg28-i",0.8,61,0.1,0.2,0.05,0.65,NA,NA,0.75,NA,NA,NA,NA,2024
"414",2024-09-29,"bg28","bg28-ii",0.8,13,0.1,0.3,0.05,0.25,NA,NA,0.8,NA,NA,NA,NA,2024
"415",2024-09-29,"bg28","bg28-iii",0.5,71,0,0.25,0,0.25,NA,NA,0.95,NA,NA,NA,NA,2024
"416",2024-09-29,"bg28","bg28-iv",0.15,35,0.05,0.2,0,0.05,NA,NA,0.95,NA,NA,NA,NA,2024
"417",2024-09-26,"bi25","bi25-i",0.7,67,0.02,0.62,0.01,0.05,NA,NA,0.01,NA,NA,NA,NA,2024
"418",2024-09-26,"bi25","bi25-ii",0.95,44,0.02,0.9,0.05,0.05,NA,NA,0.1,NA,NA,NA,NA,2024
"419",2024-09-26,"bi25","bi25-iii",0.7,5,0.03,0.7,0.03,0.05,NA,NA,0.75,NA,NA,NA,NA,2024
"420",2024-09-26,"bi25","bi25-iv",0.65,60,0,0.6,NA,0.15,NA,NA,0.3,NA,NA,NA,NA,2024
"421",2024-09-26,"bj29","bj29-i",0.5,72,0,0.4,0,0.2,0,NA,0.3,NA,NA,NA,NA,2024
"422",2024-09-26,"bj29","bj29-ii",1,56,0,0.7,0.1,0.35,0,NA,0.7,NA,NA,NA,NA,2024
"423",2024-09-26,"bj29","bj29-iii",1,58,0,0.8,0,0.2,0,NA,0.95,NA,NA,NA,NA,2024
"424",2024-09-26,"bj29","bj29-iv",0.95,90,0,0.25,0.1,0.7,0,NA,0.95,NA,NA,NA,NA,2024
"425",2024-09-26,"bj29","bj29-i.o",0.6,80,0,0.4,0.02,0.1,0,NA,0.7,NA,NA,NA,NA,2024
"426",2024-09-26,"bj29","bj29-ii.o",0.8,40,0,0.5,0.02,0.3,0,NA,0.9,NA,NA,NA,NA,2024
"427",2024-09-26,"bj29","bj29-iii.o",1,80,0,1,0,0.05,0,NA,0.01,NA,NA,NA,NA,2024
"428",2024-09-26,"bj29","bj29-iv.o",0.98,76,0,0.95,0.02,0.05,0,NA,0.01,NA,NA,NA,NA,2024
"429",2024-06-03,"bm22","bm22-i",0.85,66,0,0.85,0,0.01,0,0,0.15,0,NA,NA,NA,2024
"430",2024-06-03,"bm22","bm22-ii",0.75,59,0,0.65,0,0.1,0,0.01,0.25,0,NA,NA,"small cunninghamia",2024
"431",2024-06-03,"bm22","bm22-iii",0.85,74,0.01,0.85,0,0.01,0,0.01,0.15,0,NA,NA,NA,2024
"432",2024-06-03,"bm22","bm22-iv",1,63,0.01,1,0,0,0,0,0,0,NA,NA,NA,2024
"433",2024-06-03,"bm24","bm24-i",0.75,71,0,0.7,0,0.05,0,0,0.15,0,NA,NA,NA,2024
"434",2024-06-03,"bm24","bm24-ii",0.45,125,0.01,0.25,0.01,0.2,0,0,0.45,0.05,NA,NA,"some kind of path goin right through",2024
"435",2024-06-03,"bm24","bm24-iii",0.7,84,0.01,0.55,0,0.05,0,0,0.25,0,NA,NA,NA,2024
"436",2024-06-03,"bm24","bm24-iv",0.9,69,0,0.9,0,0.01,0,0,0.05,0,NA,NA,NA,2024
"437",2024-06-03,"bm29","bm29-i",0.45,55,0,0.35,0,0.1,0,0,0.55,0,NA,NA,NA,2024
"438",2024-06-03,"bm29","bm29-ii",0.85,85,0.01,0.5,0,0.35,0,0,0.15,0,NA,NA,NA,2024
"439",2024-06-03,"bm29","bm29-iii",1,56,0.01,0.95,0,0.05,0,0,0,0,NA,NA,NA,2024
"440",2024-06-03,"bm29","bm29-iv",0.45,80,0,0.1,0,0.35,0,0,0.55,0,NA,NA,NA,2024
"441",2024-06-09,"bm7","bm7-i",1,165,0.1,0.75,0,0.15,0,0,0,0,NA,NA,"cunninghamia (15)",2024
"442",2024-06-09,"bm7","bm7-ii",1,195,0.05,0.5,0,0.45,0,0,0,0,NA,NA,"cunnninghamia (45)",2024
"443",2024-06-09,"bm7","bm7-iii",0.95,165,0.85,0.1,0,0.01,0,0,0.05,0,NA,NA,NA,2024
"444",2024-06-09,"bm7","bm7-iv",0.9,125,0.15,0.6,0,0.15,0,0,0.05,0,NA,NA,"cunninghamia (5)",2024
"445",2024-06-06,"bn28","bn28-i",1,120,0,0.9,0,0.1,0,0,0,0,NA,NA,"cunninghamia (5)",2024
"446",2024-06-06,"bn28","bn28-ii",0.65,120,0.05,0.6,0,0.01,0,0,0.35,0,NA,NA,"high lldepth because of dead fern",2024
"447",2024-06-06,"bn28","bn28-iii",0.5,135,0,0.5,0,0.01,0,0,0.5,0,NA,NA,"high lldepth because of dead fern",2024
"448",2024-06-06,"bn28","bn28-iv",0.9,80,0.05,0.8,0,0.05,0,0,0.05,0,NA,NA,NA,2024
"449",2024-06-03,"bn5","bn5-i",0.8,160,0.01,0.4,0,0.4,0,0,0.15,0,NA,NA,NA,2024
"450",2024-06-03,"bn5","bn5-ii",1,140,0.5,0.45,0.01,0.05,0,0,0,0,NA,NA,NA,2024
"451",2024-06-03,"bn5","bn5-iii",1,210,0.3,0.65,0,0.05,0,0,0,0,NA,NA,NA,2024
"452",2024-06-03,"bn5","bn5-iv",1,138,0.15,0.8,0.01,0.05,0,0,0,0,NA,NA,NA,2024
"453",2024-05-30,"bo27","bo27-i",0.55,3,0.01,0.4,0.01,0.05,0,0,0.15,0.15,NA,NA,NA,2024
"454",2024-05-30,"bo27","bo27-ii",0.25,44,0.01,0.2,0,0.05,0,0,0.55,0.05,NA,NA,NA,2024
"455",2024-05-30,"bo27","bo27-iii",0.15,34,0,0.01,0,0.15,0,0,0.85,0.01,NA,NA,NA,2024
"456",2024-05-30,"bo27","bo27-iv",0.45,45,0.01,0.45,0,0.01,0,0,0.55,0,NA,NA,NA,2024
"457",2024-09-28,"bo31","bo31-i",0.95,80,0,0.85,0.05,0.2,NA,NA,0.95,NA,NA,NA,NA,2024
"458",2024-09-28,"bo31","bo31-ii",0.8,54,0.02,0.5,0,0.3,NA,NA,0.8,NA,NA,NA,NA,2024
"459",2024-09-28,"bo31","bo31-iii",0.8,89,0,0.3,0,0.45,NA,NA,0.8,NA,NA,NA,NA,2024
"460",2024-09-28,"bo31","bo31-iv",0.8,98,0,0.5,0.05,0.25,NA,NA,0.95,NA,NA,NA,NA,2024
"461",2024-05-25,"bq17","bq17-i",0.4,85,0.01,0.3,0,0.1,0,0.01,0.5,0.01,NA,NA,NA,2024
"462",2024-05-25,"bq17","bq17-ii",0.4,53,0.02,0.3,0,0.03,0,0.04,0.5,0.01,NA,NA,NA,2024
"463",2024-05-25,"bq17","bq17-iii",0.5,45,0.01,0.03,0,0.03,0,0.03,0.45,0.03,NA,NA,NA,2024
"464",2024-05-25,"bq17","bq17-iv",0.9,84,0.01,0.75,0,0.15,0,0,0.1,0,NA,NA,NA,2024
"465",2024-05-25,"bq17","bq17-i.o",0.5,90,0.01,0.2,0,0.3,0,0,0.45,0.05,NA,NA,NA,2024
"466",2024-05-25,"bq17","bq17-ii.o",0.8,61,0.01,0.8,0,0.01,0,0,0.2,0,NA,NA,NA,2024
"467",2024-05-25,"bq17","bq17-iii.o",0.25,140,0.05,0.05,0.05,0.1,0,0.1,0.6,0.01,NA,NA,NA,2024
"468",2024-05-25,"bq17","bq17-iv.o",0.95,135,0.2,0.3,0,0.45,0,0,0.05,0,NA,NA,NA,2024
"469",2024-05-30,"bq27","bq27-i",1,100,0,0.7,0,0.3,0,0,0,0,NA,NA,"cunninghamia (25)",2024
"470",2024-05-30,"bq27","bq27-ii",1,85,0,0.85,0,0.15,0,0,0,0,NA,NA,"cunninghamia (15)",2024
"471",2024-05-30,"bq27","bq27-iii",0.9,84,0,0.8,0,0.1,0,0,0.05,0,NA,NA,NA,2024
"472",2024-05-30,"bq27","bq27-1v",1,114,0.05,0.85,0,0.1,0,0,0.01,0,NA,NA,NA,2024
"473",2024-05-31,"bq29","bq29-i",0.25,54,0.05,0.15,0.05,0,0,0.05,0.7,0,NA,NA,NA,2024
"474",2024-05-31,"bq29","bq29-ii",0.2,57,0.01,0.15,0.01,0.1,0,0,0.45,0.1,NA,NA,NA,2024
"475",2024-05-31,"bq29","bq29-iii",1,82,0.01,0.45,0,0.55,0,0,0,0,NA,NA,NA,2024
"476",2024-05-31,"bq29","bq29-iv",1,100,0.01,0.8,0,0.2,0,0,0,0,NA,NA,NA,2024
"477",2024-05-30,"br29","br29-i",0.45,75,0,0.2,0,0.25,0,0,0.55,0,NA,NA,NA,2024
"478",2024-05-30,"br29","br29-ii",0.05,30,0,0.01,0,0.01,0,0,0.85,0.05,NA,NA,NA,2024
"479",2024-05-30,"br29","br29-iii",0.01,15,0,0.01,0,0,0,0,0.95,0.01,NA,NA,NA,2024
"480",2024-05-30,"br29","br29-iv",0.05,43,0,0.05,0,0.01,0,0,0.9,0.05,NA,NA,NA,2024
"481",2024-05-15,"br3","br3-i",0.6,76,0.02,0.49,0,0.1,0,0.04,0.22,0.06,NA,NA,NA,2024
"482",2024-05-15,"br3","br3-ii",0.5,70,0,0.49,0.01,0,0,0.04,0.31,0.1,NA,NA,NA,2024
"483",2024-05-15,"br3","br3-iii",0.78,80,0,0.13,0.01,0.64,0.01,0.06,0.08,0.04,NA,NA,NA,2024
"484",2024-05-15,"br3","br3-iv",1,180,0.02,0.09,0,0.08,0,0,0,0,NA,NA,NA,2024
"485",2024-09-30,"bs18","bs18-ii",0.3,57,0.1,0.15,0,0.2,NA,NA,0.7,NA,NA,NA,NA,2024
"486",2024-09-30,"bs18","bs18-iii",0.9,71,0,0.85,0,0.7,NA,NA,0.9,NA,NA,NA,NA,2024
"487",2024-09-30,"bs18","bs18-ii.o",0.5699,38,0.02,0.1,0.02,0.45,NA,NA,0.3,NA,NA,NA,NA,2024
"488",2024-09-30,"bs18","bs18-iii.o",0.8,99,0,0.2,0.05,0.15,NA,NA,0.6,NA,NA,NA,NA,2024
"489",2024-05-23,"bs22","bs22-i",0.85,65,0,0.5,0,0.2,0,0.01,0.05,0.05,NA,NA,NA,2024
"490",2024-05-23,"bs22","bs22-ii",0.4,45,0,0.1,0,0.3,0,0.01,0.45,0.03,NA,NA,NA,2024
"491",2024-05-23,"bs22","bs22-iii",0.85,120,0.05,0.45,0,0.35,0,0,0.15,0,NA,NA,NA,2024
"492",2024-05-23,"bs22","bs22-iv",1,110,0,0.95,0,0.05,0,0,0,0,NA,NA,NA,2024
"493",2024-05-23,"bs22","bs22-i.o",0.95,54,0,0.8,0,0.15,0,0,0.05,0,NA,NA,NA,2024
"494",2024-05-23,"bs22","bs22-ii.o",1,82,0,0.9,0,0.05,0,0,0,0,NA,NA,"cunninghamia (10)",2024
"495",2024-05-23,"bs22","bs22-iii.o",0.95,90,0.05,0.9,0,0,0,0,0.05,0,NA,NA,"cunninghamia (10)",2024
"496",2024-05-23,"bs22","bs22-iv.o",0.95,125,0.01,0.9,0,0.05,0,0,0.05,0,NA,NA,NA,2024
"497",2024-05-22,"bt13","bt13-i",0.8,109,0.2,0.55,0,0.05,0,0.01,0.05,0,NA,NA,"path (15)",2024
"498",2024-05-22,"bt13","bt13-ii",0.8,70,0.05,0.7,0.03,0.01,0,0.01,0.18,0,NA,NA,NA,2024
"499",2024-05-22,"bt13","bt13-iii",1,120,0.05,0.9,0,0.05,0,0,0,0,NA,NA,NA,2024
"500",2024-05-22,"bt13","bt13-iv",1,220,0.5,0.45,0,0.05,0,0,0,0,NA,NA,NA,2024
"501",2024-06-29,"bt29","bt29-i",NA,NA,NA,NA,NA,NA,NA,NA,NA,NA,NA,NA,NA,2024
"502",2024-06-29,"bt29","bt29-ii",NA,NA,NA,NA,NA,NA,NA,NA,NA,NA,NA,NA,NA,2024
"503",2024-06-29,"bt29","bt29-iii",NA,NA,NA,NA,NA,NA,NA,NA,NA,NA,NA,NA,NA,2024
"504",2024-06-29,"bt29","bt29-iv",NA,NA,NA,NA,NA,NA,NA,NA,NA,NA,NA,NA,NA,2024
"505",2024-05-16,"bt8","bt8-i",0.1,63,0.03,0.02,0,0.06,0.01,0.02,0.5,0.03,NA,NA,NA,2024
"506",2024-05-16,"bt8","bt8-ii",0.35,60,0,0.09,0.1,0.22,0,0.07,0.26,0.01,NA,NA,NA,2024
"507",2024-05-16,"bt8","bt8-iii",0.05,36,0.01,0,0.02,0.02,0,0.02,0.7,0.02,NA,NA,NA,2024
"508",2024-05-16,"bt8","bt8-iv",0.5,62,0.08,0.01,0.11,0.04,0,0.01,0.5,0.03,NA,NA,NA,2024
"509",2024-05-16,"bt8","bt8-i.o",0.2,39,0,0.15,0.01,0.05,0,0,0.45,0.25,NA,NA,NA,2024
"510",2024-05-16,"bt8","bt8-ii.o",0.15,60,0.01,0.01,0.01,0.15,0,0.01,0.01,0.01,NA,NA,NA,2024
"511",2024-05-16,"bt8","bt8-iii.o",0.15,41,0,0.01,0,0.15,0,0.01,0.8,0.05,NA,NA,NA,2024
"512",2024-05-16,"bt8","bt8-iv.o",0.6,94,0.05,0,0.05,0.5,0,0,0.55,0.01,NA,NA,NA,2024
"513",2024-05-22,"bu16","bu16-i",1,115,0.01,0.95,0,0.05,0,0,0,0,NA,NA,NA,2024
"514",2024-05-22,"bu16","bu16-ii",0.95,70,0.01,0.95,0,0.01,0,0,0.05,0,NA,NA,NA,2024
"515",2024-05-22,"bu16","bu16-iii",1,70,0.01,0.99,0,0,0,0,0,0,NA,NA,NA,2024
"516",2024-05-22,"bu16","bu16-iv",1,70,0.01,0.9,0,0.1,0,0,0,0,NA,NA,NA,2024
"517",2024-05-18,"bu27","bu27-i",0.8,80,0,0.75,0,0.03,0,0,0.05,0,NA,NA,NA,2024
"518",2024-05-18,"bu27","bu27-ii",0.7,36,0.01,0.7,0.01,0.01,0,0.01,0.1,0.01,NA,NA,NA,2024
"519",2024-05-18,"bu27","bu27-iii",0.75,53,0,0.75,0.01,0.01,0,0.01,0.05,0,NA,NA,NA,2024
"520",2024-05-18,"bu27","bu27-iv",0.99,124,0.01,0.9,0,0.05,0,0,0,0,NA,NA,NA,2024
"521",2024-05-28,"bv15","bv15-i",0.95,120,0.1,0.8,0.01,0.05,0,0,0.05,0,NA,NA,"cunninghamia (35)",2024
"522",2024-05-28,"bv15","bv15-ii",0.9,97,0.01,0.6,0,0.3,0,0,0.05,0,NA,NA,NA,2024
"523",2024-05-28,"bv15","bv15-iii",1,149,0.1,0.8,0,0.1,0,0,0,0,NA,NA,NA,2024
"524",2024-05-28,"bv15","bv15-iv",0.95,118,0.05,0.85,0,0.05,0,0,0.01,0,NA,NA,NA,2024
"525",2024-05-28,"bv19","bv19-i",0.95,109,0.05,0.55,0,0.35,0,0,0.05,0,NA,NA,NA,2024
"526",2024-05-28,"bv19","bv19-ii",1,74,0,0.95,0,0.05,0,0,0,0,NA,NA,NA,2024
"527",2024-05-28,"bv19","bv19-iii",1,130,0.01,0.95,0,0.05,0,0,0,0,NA,NA,NA,2024
"528",2024-05-28,"bv19","bv19-iv",0.15,87,0,0.1,0,0.05,0,0,0.5,0.1,NA,NA,NA,2024
"529",2024-05-24,"bv23","bv23-i",0.2,71,0,0.15,0,0.05,0,0,0.45,0.01,NA,NA,NA,2024
"530",2024-05-24,"bv23","bv23-ii",0.6,103,0.01,0.1,0.01,0.5,0,0,0.05,0.05,NA,NA,NA,2024
"531",2024-05-24,"bv23","bv23-iii",0.15,47,0,0.02,0.1,0.02,0,0,0.85,0,NA,NA,NA,2024
"532",2024-05-24,"bv23","bv23-iv",0.1,49,0,0,0.01,0.1,0,0,0.8,0.01,NA,NA,NA,2024
"533",2024-10-03,"bv24","bv24-i",1,132,0.3,0.95,0,0.2,NA,NA,0.95,NA,NA,NA,NA,2024
"534",2024-10-03,"bv24","bv24-ii",0.98,118,0.05,0.85,0,0.25,NA,NA,0.95,NA,NA,NA,NA,2024
"535",2024-10-03,"bv24","bv24-iii",0.96,77,0.05,0.85,0,0.05,NA,NA,0.95,NA,NA,NA,NA,2024
"536",2024-10-03,"bv24","bv24-iv",1,182,0,0.05,0,0.4,NA,NA,1,NA,NA,NA,NA,2024
"537",2024-05-17,"bw10","bw10-i",0.5,120,0.05,0.3,0,0.05,0,0.01,0.4,0.05,NA,NA,NA,2024
"538",2024-05-17,"bw10","bw10-ii",0.65,100,0.01,0.35,0,0.25,0,0.01,0.35,0,NA,NA,NA,2024
"539",2024-05-17,"bw10","bw10-iii",1,100,0.03,0.1,0,0.9,0,0,0,0,NA,NA,NA,2024
"540",2024-05-17,"bw10","bw10-iv",1,150,0.5,0.4,0.01,0.1,0,0,0,0,NA,NA,NA,2024
"541",2024-05-16,"bw11","bw11-i",0.55,55,0,0.45,0,0.04,0,0.02,0.3,0,NA,NA,NA,2024
"542",2024-05-16,"bw11","bw11-ii",0.95,57,0.01,0.7,0,0.15,0,0.01,0.04,0,NA,NA,NA,2024
"543",2024-05-16,"bw11","bw11-iii",0.6,80,0,0.5,0,0.1,0,0.02,0.4,0,NA,NA,NA,2024
"544",2024-05-16,"bw11","bw11-iv",0.95,97,0.01,0.5,0.01,0.35,0,0.01,0.03,0,NA,NA,NA,2024
"545",2024-10-04,"bx21","bx21-i",NA,NA,NA,NA,NA,NA,NA,NA,NA,NA,NA,NA,NA,2024
"546",2024-10-04,"bx21","bx21-ii",NA,NA,NA,NA,NA,NA,NA,NA,NA,NA,NA,NA,NA,2024
"547",2024-10-04,"bx21","bx21-iii",NA,NA,NA,NA,NA,NA,NA,NA,NA,NA,NA,NA,NA,2024
"548",2024-10-04,"bx21","bx21-iv",NA,NA,NA,NA,NA,NA,NA,NA,NA,NA,NA,NA,NA,2024
